{
  "mute": "🔇",
  "volumemiddle": "🔉",
  "volumelow": "🔈",
  "volumehigh": "🔊",
  "stop": "⏹️",
  "previous": "⏮️",
  "skip": "⏭️",
  "shuffle": "🔀",
  "rewind": "⏪",
  "resume": "▶️",
  "remove": "⏏️",
  "queue": "🎶",
  "playlist": "💽",
  "play": "▶️",
  "pause": "⏸️",
  "loop": "🔁",
  "forward": "⏩",
  "filter": "🎛️",
  "autoplay": "♾️",
  "addsong": "🎶",
  "music": "🎵",
  "warn": "⚠️",
  "join": "📥",
  "leave": "📤",
  "about": "🔎",
  "jump": "⏭️"
}
